Ausrüstung 1;Ausrüstung 2;Ausrüstung 3;Ausrüstung 4;Waffe;Rüstung;Waffe (mit Schriftrolle);Rüstung (mit Schriftrolle);Unreine Schriftrollen;Heilige Schriftrollen;Name;Schreckliche Eigenschaften;Kaputte Körper;Schlechte Angewohnheiten;Beunruhigende Geschichten;Art des Todes;Offene Schuld
nichts;nichts;nichts;nichts;nichts;nichts;nichts;nichts;Andere Seite;Aegis des Kummers ;Aerg-Tval;Endlos verärgert;Starrer, manischer Blick.;Unfähig, auf den Punkt zu kommen. Du hast noch nie eine Geschichte beendet.;Du wirst verfolgt wegen Totschlags. Es ist ein Kopfgeld ausgesetzt.;Von einer einstürzenden Kathedrale erschlagen, während du versucht hast, nur „ein kleines Stück Reliquie“ zu stehlen.;Du hast wissentlich jemanden für ein Verbrechen angeschwärzt, das du selbst begangen hast.
Rucksack für 7 normal große Gegenstände;{PRÄ+4}x Fackel;nichts;ein paar schlechte Äpfel;Stab W4 Schaden;Karton-Rüstung (-W0 Schaden, Stufe 0);Stab W4 Schaden;nichts;Banane;Atem des Märtyrers;Kutz;Minderwertigkeitskomplexe;Bedeckt mit (für manche) blasphemischen Tätowierungen.;Der beste Freund ist ein Schädel. Du trägst ihn mit dir, erzählst ihm alles, vertraust niemandem.;Du bist hoch verschuldet. Die Schulden werden an immer rücksichtslosere Gruppen weitergegeben;Ertrunken in einer kniehohen Pfütze aus schwarzem Regen, zu betrunken, um aufzustehen.;Du hast einem Kind eine Hoffnung versprochen und sie nie erfüllt – absichtlich.
Sack für 10 normal große Gegenstände;Laterne mit Öl für {PRÄ+6}h;nichts;ein Haufen Totenköpfe;Kurzschwert W4 Schaden;Kettenhemd (-W4 Schaden, Stufe 2);Kurzschwert W4 Schaden;nichts;Befeuchten;Auge des Bußfertigen;Agn;Probleme mit Behörden;Verrottetes Gesicht. Trägt eine Maske.;Ein Nihilist. Du bestehst darauf, allen zu sagen, dass du ein Nihilist bist und erklärst, warum.;Ein seltenes, begehrtes Objekt ist in deinem Besitz.;Von einem eigenen, schlecht gezeichneten Beschwörungskreis gefressen.;Du hast in einer Belagerung heimlich die letzte Wasserquelle vergiftet.
kleiner Wagen;Magnesiumband;nichts;zwei blutbefleckte Fackeln;Messer W4 Schaden;Glas-Rüstung (+W6 Schaden, Stufe -1);Messer W4 Schaden;nichts;Bräunen;Auge des Verfolgers;Kvetin;Lauter Mund;Hat drei Zehen verloren und hinkt.;Du kannst nicht anders, als auf fast jede Frage mit einer weiteren Frage zu antworten.;Du hast eine verfluchte, nie heilende Wunde.;In einem Massengrab lebendig verscharrt und erstickt, weil niemand die Namen prüfen wollte.;Du hast einen Geliebten verraten, um deine eigene Haut zu retten.
Esel;zufällige unreine Schriftrolle;nichts;Kamm mit einem einzigen grauen Haar;Kriegshammer W6 Schaden;Antike Flak-Rüstung (-W6 Schaden, Stufe 1);Kriegshammer W6 Schaden;Karton-Rüstung (-W0 Schaden, Stufe 0);Buch;Blutregen;Arvant;Grausam;Ausgehungert: fahl und blass.;Für dich ist alles eine Verschwörung.;Du hattest eine illegale, unmoralische und geheime Affäre mit einem Mitglied der königlichen Familie. Du hast Beweise.;Von einem Goblinpfeil getroffen, der eigentlich für „jemand wichtigeren“ gedacht war.;Du hast Tote geplündert, noch bevor sie ganz aufgehört hatten zu atmen.
nichts;spitze Nadel;nichts;Flöte (schmeckt scheußlich);Schwert W6 Schaden;Antiker Anzug aus massiven Eisenplatten (-W8 Schaden, Stufe 1);Schwert W6 Schaden;Nasse Leinwand-Tunika (+W1 Schaden, Stufe -1);Chill Touch;Brechung;Lygan;Egozentrisch;Eine Hand wurde durch einen rostigen Haken ersetzt (W6 Schaden).;Du hast das Bedürfnis, auf alle Fehler hinzuweisen, die andere machen. Bis ins Detail.;Du bist ein entflohenes Sektenmitglied. Verängstigt und paranoid. Andere Kultisten sind überall.;Vom Basiliskenkult irrtümlich geopfert – falscher Name auf der Liste.;Du hast im Namen eines Gottes gepredigt, an den du selbst nie geglaubt hast.
nichts;Hausapotheke {PRÄ+4}x (stoppt Blutungen/Infektionen und heilt W6 LP);nichts;kleine blutgefüllte Flasche;Bogen W6 Schaden, mit {PRÄ+10}x Pfeil;Anzug aus mächtigem Gris-Gris (-W6 Schaden, Stufe 1);Stab W4 Schaden;Rostige Kettenreste (-W1 Schaden, Stufe 0);Direkt;Dritte Hand;Belsum;Nihilistisch;Faule Zähne.;Du bist ein schlechter Gewinner und ein noch schlechterer Verlierer. Alles ist ein Wettbewerb.;Du bist ein Identitätsdieb, der diese Person kürzlich getötet und ersetzt hat.;Im Schlaf von Ratten aufgefressen, weil du mit Käse unter dem Kopfkissen eingeschlafen bist.;Du hast einem Sterbenden eine Beichte abgenommen und seine Sünden weiterverkauft.
nichts;Metallfeile und Dietriche;nichts;Lederarmband mit Stacheln;Flegel W8 Schaden;Ausgeschlachteter Kampfroboter (-W8 Schaden, Stufe 1);Kurzschwert W4 Schaden;Durchlöcherte Wachstuchjacke (-W1 Schaden, Stufe 0);Drehen;Enochische Syntax ;Margar;Anfällig für Drogenmissbrauch;Beeindruckend schön, beunruhigend sauber.;Du bist überzeugt, dass du nicht sterben kannst.;Du wurdest verbannt und verleugnet für nicht näher bezeichnete Taten. Du kannst niemals nach Hause gehen.;In einer Schenke an einer Fischgräte erstickt, während nebenan ein Dämonenangriff tobt.;Du hast einen Fluch ausgelöst und ihn wissentlich nie rückgängig gemacht, obwohl du es konntest.
Zerrissene Jackentasche – 2 Gegenstände;Bärenfalle (Präsenz Sg14 zum Entdecken, W8 Schaden);nichts;zerbrochene Porzellanpuppe;Armbrust W8 Schaden, mit {PRÄ+10}x Bolzen;Blutgetränkte Häute (-W2 Schaden, Stufe 1);Messer W4 Schaden;Verrußtes Festgewand aus dünner Seide (+W2 Schaden, Stufe -1);Einschäumen;Falsche Dämmerung ;Belum;Innerer Konflikt;Die Hände sind mit Wunden übersät.;Du verschluckst zwanghaft Silbermünzen, um sie für das Leben nach dem Tod zu bewahren. Du schepperst, wenn du rennst.;Du desertiertest das Militär, nachdem du Zeuge eines Massakers wurdest, Kopfgeld ausgesetzt.;Von einem Freund aus Versehen erschlagen, der „nur mal testen“ wollte, ob das Schwert wirklich verflucht ist.;Du hast einen Freund in den Wahnsinn getrieben – zum Spaß.
Schürze mit Taschen – 3 Gegenstände;Bombe (versiegelte Flasche, W10 Schaden);nichts;ein Stück verschimmeltes Brot;Zweihänder W10 Schaden;Bronze-Hopliten-Rüstung (-W4 Schaden, Stufe 1);Wurfmesser W4 Schaden;Zerfetztes Banner als Umhang (-W0 Schaden, Stufe 0);Fachwissen;Falsche Haut;Merkari;Gewitzt;Grauer Star (Katarakt) breitet sich langsam aber sicher in beiden Augen aus.;Du bist ein Philosoph. Aber bist du wirklich ein Philosoph?;Du hast vor kurzem einen nahen Verwandten ermordet.;Vom eigenen Schatten erdrosselt, nachdem du ihn jahrelang ignoriert hast.;Du hast absichtlich Kinder in eine Zone voller Untoter gelockt, um „zu sehen, was passiert“.
Leinenbeutel – 3 Gegenstände;{W4}x rotes Gift (Zähigkeit Sg12 oder W10 Schaden);nichts;tote schwarze Katze;Flamberg W10 Schaden;Business-Anzug aus Leder (-W2 Schaden, Stufe 1);Blasrohr W2 Schaden;Blecherne Topfdeckel-Brustplatte (-W1 Schaden, Stufe 0);Flaum;Faulende Hand;Brint;Rachsüchtig;Langes verfilztes Haar, mindestens eine Kakerlake.;Lache unkontrolliert über alles Schreckliche.;Ein Puzzle-Würfel wurde falsch gelöst (oder doch nicht?) und hat eine schlummernde Abscheulichkeit geweckt.;Erfroren vor einer verschlossenen Stadttür, während drinnen der Wein überkochte.;Du hast ein Dorf vor einem Angriff gewarnt – außer dem Haus, das dir Geld schuldete.
Gürteltasche – 2 Gegenstände;Silbernes Kruzifix;nichts;Angelrute mit rostigem Haken;Khopesh W6 Schaden;Defekter und stark geflickter Raumanzug (-W8 Schaden, Stufe 1);Schleuder W4 Schaden;Enger Wollpullover mit Metallknöpfen (-W1 Schaden, Stufe 0);Fliege;Finger des Urteils;Nagl;Angsthase;Gebrochene, zerquetschte Ohren.;Alles fühlt sich angenehmer an, wenn man es dem Zufall überlässt. Du triffst keine wichtigen Entscheidungen, ohne dafür eine Münze zu werfen.;Böse Kreaturen lieben den Geruch deiner Ausdünstungen und werden von ihnen angezogen.;Zerschmettert von herabfallenden Knochen aus einem überfüllten Massengalgen.;Du hast dein eigenes Blut für ein Ritual verkauft, wissend, dass es andere schädigt.
Gewickeltes Tuch – 4 Gegenstände;zufällige unreine Schriftrolle;zufällige heilige Schriftrolle;Karminrote Kapuze und Maske;Gladius W6 Schaden;Dinosaurierschuppen-Harnisch (-W2 Schaden, Stufe 1);Angebundener Ziegelstein W4 Schaden;Vollgestopfter Strohumhang (brennt gut) (+W2 Schaden, Stufe -1);Fluffy;Fleischgeflüster;Börda;Faul;Ruckeln und Stottern aufgrund von Nervenschäden oder Stress.;Du nimmst wahr, dass alles, was zu dir gesagt wird, in einem sarkastischen Tonfall gesprochen wird.;Eine Kampfwunde hat einen Metallsplitter hinterlassen, der sich langsam deinem Herzen nähert.;Von einer namenlosen Krankheit hinweggerafft, deren einziges Symptom hoffnungsloses Lachen war.;Du hast in einem Hungerwinter heimlich Essen gehortet, bis andere starben.
Alter Kopfkissenbezug – 4 Gegenstände;zufällige unreine Schriftrolle;zufällige heilige Schriftrolle;lange Schlinge;Falchion W6 Schaden;Fein geschmiedete Glieder aus Stahl (-W4 Schaden, Stufe 1);Eisenstange W4 Schaden;Lederweste mit dekorativen, aber hohlen Nieten (-W1 Schaden, Stufe 0);Gerochen, ausgeteilt;Gebet ohne Worte;Niduk;Verdächtig;Beleibt, gefräßig, sabbernd.;Du sprichst andere nur noch mit „Pisser“ an.;Du wurdest durch Gewalt in die Wildnis gezwungen. Winkende Bäume flüstern. Sprich mit Bäumen, schrei sie an, greif sie an.;In einem brennenden Feld von Pilzen erstickt, nachdem du „nur ein paar“ entzünden wolltest.;Du hast einen Kult geführt, obwohl du wusstest, dass seine Lehren Lüge sind.
Lederbeutel – 5 Gegenstände;zufällige unreine Schriftrolle;zufällige heilige Schriftrolle;kleine Holztruhe (leer);Entermesser W6 Schaden;Gebänderte Rüstung in einer bestickten Lederbrigandine (-W6 Schaden, Stufe 1);Kandare W4 Schaden;Schuppen aus getrocknetem Brot (+W2 Schaden, Stufe -1);Gezellig;Geflüster durch das Tor ;Daeru;Rücksichtslos;Einer Hand fehlen Daumen und Zeigefinger, du greifst wie ein Hummer.;Du kannst niemanden ansprechen ohne vorher kurz zu husten;Verflucht, die Albträume anderer zu teilen, du schläfst weit, weit weg.;Von der eigenen Familie vergiftet, damit sie deine Schulden nicht erben müssen.;Du hast bei einer Seuche Kranke eingesperrt und das Haus angezündet.
Umhängetasche – 6 Gegenstände;Meherere flache Steine. Sehr, sehr uninteressant.;Das Tagebuch eines Gefangenen. Enthält eine ziemlich detaillierte Skizze der Umgebung.;{W8} bunte Glasmurmeln;Rapier W6 Schaden;Gekochtes Dinosaurierleder (-W4 Schaden, Stufe 1);Abgebrochener Kelch W4 Schaden;Dünne Glas-Überrobe mit Rissen (+W2 Schaden, Stufe -1);Glänzen;Gnade des Sünders ;Nifehl;Besorgt;Rote, geschwollene Nase des Alkoholikers.;Du hörst anderen nicht zu, nickst aber überzeugend;Du bist ständig im Krieg mit allen Rabenvögeln. Kein Kontakt ohne etwas Gewalt.;Während einer Predigt spontan explodiert – niemand ist sicher, ob es göttliche Strafe oder schlechtes Bier war.;Du hast einen Golem oder Untoten erschaffen und ihn einfach „laufen lassen“.
Rucksack – 7 Gegenstände;Ein einzelner Handschuh;Ein altes Buch über die Pflege und Wartung eines Verlieses. Enthält auf der Rückseite eine handgezeichnete Karte.;Schneeschuh (Heimat einer Spinne);Krummsäbel W6 Schaden;Gelenkige Rüstung aus Messinguhrwerken (-W8 Schaden, Stufe 1);Lauch W2 Schaden;Kettenhemd aus Draht und Büroklammern (-W1 Schaden, Stufe 0);Glühwürmchen;Gnade des toten Heiligen ;Eldar;Verbittert;Ruhiges, verrücktes Gesicht.;Wenn zwei SC streiten, versuchst du immer zu vermitteln, verschlimmerst es aber regelmäßig;Du trägst eine Schleuder.;Vom Turm gestoßen, weil du zur falschen Zeit in die falsche Richtung gebetet hast.;Du hast eine heilige Stätte entweiht, nur um eine Wette zu gewinnen.
Seesack – 8 Gegenstände;Leeres Tintenfass;Ein Aufziehspielzeug eines Axtmörders. Macht ein leichtes surrendes und klirrendes Geräusch, wenn die Axt schwingt.;Ölgemälde eines vermummten Skeletts;Machete W6 Schaden;Geschnitzte Holzrüstungen (-W4 Schaden, Stufe 1);Toter Fisch W2 Schaden;Rüstung aus geschnürten Tierblasen (+W1 Schaden, Stufe -1);Grausamkeit;Greifende Schatten;Prügl;Betrügerisch;Chronischer Fußpilz. Stinkt.;Du kannst nicht pfeifen – aber du versuchst es ständig;Du verstehtst den Gesang der Insekten und Würmer.;Zu Tode geprügelt von Bauern, nachdem du „das Wasser des Lebens“ exklusiv verkauft hast.;Du hast absichtlich jemanden in eine Falle laufen lassen, die du selbst entdeckt hattest.
Sack – 10 Gegenstände;Kaputte Sonnenuhr;Ein Bowling-Pin mit einem sehr deutlichen Blutfleck darauf.;Fächer in Form einer Bärenklaue;Kurzschwert W6 Schaden;Gewänder aus Büffelhaut (-W2 Schaden, Stufe 1);Käsereibe W2 Schaden;Messingdraht-Korsett (-W1 Schaden, Stufe 0);Großer Vogel;Hauch der Dämmerung;Felban;Wachsam;Dein kürzlich aufgeschlitztes und stinkendes Auge ist mit einer Augenklappe abgedeckt.;Du hältst Schweigen für unhöflich und füllst jede Pause sofort;Du wirst von einem Golem verfolgt und beobachtet.;Verbrannt in der Nähe eines fehlgeschlagenen Hexenfeuers, als „Kollateralschaden“.;Du hast gestohlen, was jemand wirklich liebte, nicht was wertvoll war.
Fass (tragbar, schwer) – 10 Gegenstände;Hälfte eines Kamms;Ein Buch mit schmutzigen Kerkerwitzen.;exquisiter Seidenhandschuh;Kleinschwert W6 Schaden;Gläserne, geformte Platten (-W8 Schaden, Stufe 1);Suppenkelle W2 Schaden;Patchwork-Rüstung aus gesammelten Schilden (-W2 Schaden, Stufe 0);Gummientchen;Hermetischer Schritt ;Qillnach;Arrogant;Deine Nägel sind rissig und schwarz, vielleicht fallen sie bald ab.;"Immer wenn jemand „danke"" sagt, antwortest du mit „Das werden wir sehen""";Verbrennen oder verbrannt werden ist dein akzeptiertes Schicksal.;Erdrückt von deinem eigenen Hort aus wertlosem Plunder, als die morschen Regale nachgaben.;Du hast in einem wichtigen Moment einfach nichts getan, obwohl du helfen konntest.
Truhe auf Rädern – 15 Gegenstände;Drei identische Knöpfe;Ein dicker Ball aus Teer. Klebrig und breiig.;getrocknetes Fledermausfleisch;Säbel W6 Schaden;Gummianzug (-W2 Schaden, Stufe 1);Sehr schweres Buch W4 Schaden;Leuchtender Stoffoverall, zieht Angriffe an (+W1 Schaden, Stufe -1);Hackblock;Hunger des Leeren;Gotven;Abrasiv;Juckende Muttermale bedecken deinen Körper.;Du trägst einen kleinen Stein den du für einen Freund hältst. Er hat einen Namen. Du konsultierst ihn bei wichtigen Entscheidungen;Dein Fleisch heilt doppelt so schnell, aber das deiner Gefährten doppelt so langsam.;Von einem Wyvern verschlungen, der dich später enttäuscht wieder ausgespuckt hat – zu spät.;Du hast deine Kameraden im Kampf im Stich gelassen und sie später als „Helden“ verkauft.
Kleiner Wagen – 20 Gegenstände;Kleines Portrait einer unbekannten Person;Ein Eimer mit Farbe, die unmöglich schwarz sein kann.;Nasenring aus Kupfer;Zweiklingenschwert W10 Schaden;Hai-Anzug (-W4 Schaden, Stufe 1);Lebende Gans W2 Schaden;Mit Stroh ausgepolsterte Gardinen-Robe (-W1 Schaden, Stufe 0);Harken;Kelch der Umkehr;Risten;Manierlos;Ein kurzes Bein, ersetzt durch einen Holzpflock.;Du nennst alle beim falschen Namen und lässt dich auch nach Korrekturen nicht umstimmen;"Du siehst einen vieläugigen ""Schutzengel"".";Erwürgt von einem verfluchten Schal, den du trotz Warnung „nur kurz anprobieren“ wolltest.;Du hast ein wichtiges Schreiben gefälscht, das einen Krieg ausgelöst hat.
Sänfte (ohne Träger) – 20 Gegenstände;Kerze ohne Docht;Ein enthaupteter Kopf mit blutroten Blumen, die im Schädel wachsen.;zwei Augen in einem Gefäß;Claymore W10 Schaden;Kupferschuppen-Rüstung (-W4 Schaden, Stufe 1);Kerzenständer W4 Schaden;Gefrorener Schlammbrustpanzer (schmilzt schnell) (-W0 Schaden, Stufe 0);Irgendetwas;Kette der Reue;Graft;Selbstsicher;Ein dürres Gestell und ein gekrümmter Hals.;Du verlässt dich bei allen Entscheidungen auf den Geruch des Windes – auch wenn es keinen Wind gibt;Eine Grabjagd ging schief. Du siehst überall zornige Geister, sogar im Schlaf.;Beim Versuch, deinen eigenen Tod vorzutäuschen, wirklich gestorben.;Du hast einen heiligen Text verändert, um ihn besser zu verkaufen.
Schubkarre – 12 Gegenstände;Leere Flasche mit Korken;Ein frischer, kalter Krug Bier. Verdächtig...;{W6} Würfel (Knochen);Bastardschwert W8 Schaden;Lackierte Platten aus Stahl (-W6 Schaden, Stufe 1);Harke W4 Schaden;Rüstung aus Dutzenden Löffeln und Gabeln (+W1 Schaden, Stufe -1);Jazz-Hände;Knochenbrecher;Svind;Fanatisch;Zitternde Gliedmaßen, die nicht stillhalten wollen.;Du kannst nicht lügen, ohne es sofort zu bereuen — und es kurz darauf zu korrigieren. Meistens zu spät.;Aufgespießt von einer verfluchten Klinge. Du versteckst die immer stärker werdenden, sickerenden, beißenden Auswirkungen.;Erschlagen von einer Menge, die dich mit einem gesuchten Ketzer verwechselt hat.;Du hast einem Wesen ewige Treue geschworen und bist im ersten Moment geflohen, als es schwer wurde.
Großer Wagen – 40 Gegenstände;Notizbuch, alle Seiten leer;Ein Glasauge. Der Besitzer will es wahrscheinlich zurückhaben.;{W4} riesige Reißzähne;Sense W8 Schaden;Lebendiger Anzug aus zähem Fleisch (-W8 Schaden, Stufe 1);Bettstatt-Bein W4 Schaden;Goldene Zeremonienrüstung aus dünnem Blech (-W1 Schaden, Stufe 0);Kackwurst;Letztes Sakrament;Grin;Heuchlerisch;Langes Haar, vom Blut verfilzt.;Wenn du lügst, riecht es kurz nach verbranntem Haar.;Wacht eines Tages in einer Graven-Tosk-Grube auf. Neue Knochen wachsen in dir, ein zweites Skelett.;In einem Kartenspiel um deine Seele verloren – und der Einsatz wurde korrekt eingezogen.;Du hast wider besseres Wissen einen Dämon oder Basilisken als „harmlos“ beschrieben.
Esel – 15 Gegenstände;Notizbuch, alle Seiten vollgeschrieben aber unleserlich;Ein gläserner Schädel, in dem ein leuchtender Fisch herumschwimmt.;Latrinen-Eimer;Spatha W8 Schaden;Mit Flaschendeckel vernietete Lederbekleidung (-W4 Schaden, Stufe 1);Kleines Kind W2 Schaden;;Klopf Klopf;Licht des Verblassenden;Theras;Exzentrisch;Eine fehlende Nase, eine große Narbe.;Du kannst nur die Wahrheit sagen — aber du formulierst sie so, dass niemand sie glaubt.;Du bist kurz im Endlosen Meer ertrunken. Du erbrichst jeden Morgen fauliges Salzwasser.;Von einem lebendig gewordenen Wandgemälde verschlungen, das dich „realistischer machen“ wollte.;Du hast einen Kranken als „verflucht“ denunziniert, damit man ihn aus der Stadt jagt.
Maultier – 20 Gegenstände;Tote Topfpflanze;Ein grob behauener Eisenkelch mit einem eingemeißelten Koboldgesicht.;zerbrochene Harfe;Katana W8 Schaden;Mit Siegel geschmückte Lederriemen. (-W2 Schaden, Stufe 1);Sack voller Mäuse W2 Schaden;;Lächeln;Nabelschnur der Nacht;Grittr;Morbide;Keine Zähne, oder zumindest keine eigenen.;Du erinnerst dich an alle Lügen, die du je gehört hast. Keine einzige Wahrheit.;Du bist zu unnatürlich lebhaft. Du wirst von Rittern der Blutgräfin verfolgt.;Verblutet an einer winzigen Wunde, weil du das einzige Verbandszeug gegen Schnaps getauscht hast.;Du hast einem Gefangenen falsche Hoffnung gemacht, ihn befreit zu werden, um ihn gefügig zu halten.
Pferd mit Satteltaschen – 25 Gegenstände;Spiegel, der nur die linke Hälfte zeigt;Ein großes Glasgefäß mit Pflaumen-Apfelwein. Selbst gebraut und säuerlich.;gehörnter Helm;Schmetterlingsschwerter 2W6 Schaden;Mit Stacheln bedeckte Rüstung aus gebläutem Stahl (-W8 Schaden, Stufe 1);Weinschlauch W2 Schaden;;Laufen;Öffnung nach Unten;Therg;Einseitig;Schwimmhäute an Händen und Füßen.;Du stotterst beim Lügen.;Du bist ein niederer Adliger mit einer schlecht konstruierten Tarnidentität, der oft von Räubern verfolgt wird.;In einem einstürzenden Tunnel zerquetscht, den du selbst untergraben hast, um schneller zu sein.;Du hast eine ganze Ernte verdorben, um den Preis für dein eigenes Korn zu erhöhen.
Sehr überzeugter Träger (Fremder, unfreiwillig) – 30 Gegenstände;Schachfigur (Bauer);Ein kleiner Haufen von Steinen. Klein und steinig.;mit Scheiße beschmutzte Schöpfkelle;Sichel W8 Schaden;Mit Strass besetzte, bestickte Cabaret-Kleidung (-W2 Schaden, Stufe 1);Riesiger Rettich W2 Schaden;;Machen;Pesthauch des Alten;Haerü;Rätselhaft;Verkrustete Augenhöhlen, rot befleckt.;Wenn du eine Wahrheit sagst, entschuldigst du dich dafür.;Du bist ein Spion für König Fathmu XI. Scheitern bedeutet Verrat bedeutet Tod.;Auf einem Schiff vom Endlosen Meer gespült, während du gerade versucht hast, eine Möwe zu würgen.;Du hast einen Schwur auf die Schimmernden Felder gebrochen – bewusst und ohne Reue.
nichts;Löffel, sehr verbogen;Ein kleiner schwarzer Stein, der vollkommen rund ist. Wenn ein lautes Geräusch zu nahe am Stein gemacht wird, explodiert er.;trauriges Huhn in einem Käfig;Dreihänder W20 Schaden;Nietenbesetztes Lederwams (-W2 Schaden, Stufe 1);Käfig mit wütender Katze W4 Schaden;;Magierfuß;Roskoes verzehrender Glanz ;Torvul;Zögernd;Zentimeterlange Nägel, ungeschnitten und ungereinigt.;Du lügst nie direkt — aber du weißt sehr genau, wie man Wahrheiten so anordnet, dass sie falsch wirken.;Du trägst einen unvollendeten Wandteppich des Einen Wahren Glaubens bei dir. Du arbeitest wie besessen daran.;Von der Inquisition auf einem Scheiterhaufen verbrannt, den du eigentlich für jemand anderen vorbereitet hattest.;Du hast jemanden nur deshalb gerettet, weil du wusstest, dass er dir später nützlich sein würde.
nichts;Ei, ungeklärt ob frisch;Ein Leichenwurm, der mit jedem Gehirn, das er frisst, schlauer wird.;Pfeil im Schild;Streitkolben W6 Schaden;Panzer aus Keramikscheiben, mit blauer dekorativer Verglasung (-W4 Schaden, Stufe 1);Spazierstock W2 Schaden;;Maus der Rache;Ruf der Maden;Hargha;Ängstlich vor Verpflichtungen;Stämmig und robust.;Deine ehrlichsten Aussagen klingen wie Drohungen. Das ist dir nicht bewusst.;Du verschlingst Fingernägel. Alles andere schmeckt nach Asche, Fäulnis und Staub.;Erstickt unter einem Haufen gestohlener Leichenmasken, die bei einer Flucht auf dich kippten.;Du hast die Leiche eines Unschuldigen für ein Ritual benutzt, obwohl es Alternativen gab.
nichts;Stein mit aufgemaltem Gesicht;Ein magischer Wassersack. Das Wasser geht nie aus, aber das Leder ist sehr brüchig.;eine Handvoll menschlicher Zähne;Morgenstern W8 Schaden;Perlenbesetzter Federumhang (-W2 Schaden, Stufe 1);Tamburin W2 Schaden;;Melodie;Ruf des Namenlosen;Törn;Aggressiv;Ein nekrotisches Loch im Bein, das im Wind pfeift. ;Du gestehst Dinge, die du nicht getan hast — einfach weil die Stille unerträglich wird.;Eine Urne, die an deinen Rucksack geschnallt ist. Wenn es still ist, klappert etwas darin.;Ausrutscher auf einem mit „Wasser des Lebens“ übergossenen Boden – Genickbruch, sehr würdelos.;Du hast bewusst Gift in Umlauf gebracht, als wäre es Medizin.
nichts;Gefalteter Brief, bereits geöffnet, auf Fremder Sprache;Ein Nachttopf. Er ist voll. Da könnte ein Schatz drin sein.;kürzlich geschärfte Sense (W8);Hellebarde W8 Schaden;Riesige Insekten-Chitin-Platten (-W8 Schaden, Stufe 1);Unsichtbare Waffe W2 Schaden;;Mischen;Sanfter Abgang;Harmug;Kurzsichtig;Ein Spinnenbiss hat dein Gesicht zu einem geschwollenen Chaos gemacht.;Du teilst Geheimnisse immer mit genau einer weiteren Person. Zur Sicherheit, sagst du.;Du siehst Visionen von jemandes Zukunft, wenn du sein Haar isst. Du bist völlig kahl.;Von einem klobigen, halb fertigen Fleischgolem „zu Tode umarmt“.;Du hast jemanden aus Eifersucht bei der Inquisition als Ketzer gemeldet.
nichts;Kleines Schloss ohne Schlüssel;Ein reflektierender silberner Schädel. Groß genug, um ihn über dem eigenen Kopf zu tragen.;leere Parfümflasche;Glefe W8 Schaden;Römische Legionärs Rüstung (-W6 Schaden, Stufe 1);;;Nähte reparieren;Schleier des Vergessens;Urm;Stur;Eine Seite deines Gesichts ist stark verbrannt.;Wenn du etwas Wichtiges weißt, verrätst du es nie direkt — aber du stellst so lange Fragen dazu, bis es jeder weiß.;Sie verabscheuen den grauen Himmel. Du kannst nicht schlafen, ohne ein Loch zu graben und dich zu bedecken.;Im Duell gegen deinen eigenen Spiegelbild?Doppelgänger unterlegen, der nur minimal besser war.;Du hast einem sterbenden Feind Gnade versprochen und ihn danach langsam getötet.
nichts;Schlüssel ohne Schloss;Ein schöner Weidenkorb voller menschlicher Herzen.;einige Schlüssel ohne Schloss;Kriegssichel W8 Schaden;Rostiges Kettengeflecht (-W4 Schaden, Stufe 1);;;Nicht tun;Schleim des Vergessens;Jotna;Schelmisch;Adern, die sich wölben und pulsieren, als wäre dein Blut Haferschleim.;Du hast das Gefühl, dass ungesagte Wahrheiten dich körperlich belasten. Du wirkst zunehmend erschöpft, je mehr du weißt.;Du bist von einem Geist besessen, der von den Schimmernden Feldern plappert. Begehrt von den Basilisken.;Aus einem Fenster gejagt von Porzellanpuppen, die du jahrelang gestohlen hast.;Du hast einen Ort des Trostes (Hospiz, Tempel, Schenke) verraten, damit Feinde ihn finden.
;Getrocknete Blume, sehr zerbrechlich;Ein schreiendes Horn. Schrei in die eine Seite und dein Schrei kommt auf der anderen heraus.;Lederweste mit Nieten;Quarterstaff W6 Schaden;Rüstung aus gewachstem Leinen (-W2 Schaden, Stufe 1);;;Nudeln;Schrei des Hohlen;Urvarg;Grimmig;Eine beeindruckende Menge an Haaren.;Du vertraust ausschließlich Menschen, die dir einmal offen ins Gesicht gelogen haben.;Du bist verflucht, dich in Statuen zu verlieben, egal wie grotesk oder seltsam sie sind.;Verhungert, weil du einem verfluchten Löffel geglaubt hast, der „ewige Sättigung“ versprach.;Du hast bei einem Unfall nicht geholfen, sondern erst mal nach Wertgegenständen gesucht.
;Wachssiegel eines unbekannten Adligen;Ein sehr effektiver Satz Ohrenschützer. Hält das Geschrei in Schach.;Geldbeutel mit {W10} Silber;Kriegsdengel W6 Schaden;Rüstung aus Muscheln von Seeungeheuern (-W6 Schaden, Stufe 1);;;Nuscheln;Schwarzes Pathos;Karg;Rituell;Schorfige Hautschuppen, die überall verteilt werden.;Du misstraust jedem, der dir zustimmt. Widerspruch interpretierst du als Zeichen von Ehrlichkeit.;Du bist davon überzeugt, dass du hörst, wie jemand aus dem Jenseits in abscheulichen Sprüchen zu ihnen spricht.;Gestorben, als du versuchtest, eine arkane Katastrophe „auszuprobieren, nur einmal“.;Du hast ein lebendes Wesen in ein Objekt gebannt – und dann vergessen, welches.
;Halbgegessener Keks, steinhart;Ein seltsamer schwarzer Todespilz, der auf einem Knochen wächst. Wenn er gegessen wird, kann er entweder den Tod oder hilfreiche Visionen verursachen.;abgenutzter Gürtel;Kriegsscythe W10 Schaden;Rüstung mit großen gravierten Metallplättchen (-W6 Schaden, Stufe 1);;;Ohrwurm;Schweigen der Wunden;Vagal;Brutal;Ständig tropfende Nase. ;Du glaubst, dass alle anderen im Raum bereits eine Abmachung gegen dich getroffen haben.;Du trägst eine sich straffende Krone aus steinernen Dornen. Jeden Tag besteht eine 5 %ige Chance, dass sie so fest wird, dass sie den Schädel zerbricht.;Vom Leviathan verschluckt und nach Tagen wieder ausgespuckt, da warst du schon tot.;Du hast eine ganze Gemeinschaft in den Selbstmordkult geführt, obwohl du selbst nie daran glaubtest.
;Leere Medizinflasche, riecht noch;Ein seltsames Stück Kreide. Wenn du etwas zeichnest, wird es real. Es bleibt sehr wenig übrig.;Sack mit toten Ratten;Wurfmesser W4 Schaden;Samt-Brigandine (-W6 Schaden, Stufe 1);;;Platzen;Segen des Blinden;Karva;Unberechenbar;Fehlender Bauchnabel.;Du glaubst bedingungslos dem Letzten, das dir gesagt wurde. Immer.;Du wirst von einem grün gefärbten Stern über dir am Himmel verfolgt. Jede Nacht wird er größer.;Zerrissen von einer Menge Untoter, die du selbst durch Unachtsamkeit geweckt hast.;Du hast die Albträume anderer mit einem Ritual absichtlich verstärkt, um sie gefügig zu machen.
;Würfel dem eine Seite fehlt;Ein Skelettschlüssel. Hergestellt aus echten Skeletten.;vergoldeter Schädel im Wert von {W20+10} Silber;Wurfaxt W6 Schaden;Samurai-Stil Rüstung (-W6 Schaden, Stufe 1);;;Respekt;Segen des Knochens;Vatan;Naiv;Knollige Wucherung am Hals. Sie bewegt sich, wenn niemand sie ansieht.;Du bist fest überzeugt, dass du bereits tot bist und das hier nur eine Prüfung ist. Du verhältst dich entsprechend entspannt.;Du hast eine Reihe von Morden in Galgenbeck begangen, gerechtfertigt oder nicht. Du vergräbst ein Messer in jeder Abenddämmerung.;Einfach im Bett eingeschlafen und nicht mehr aufgewacht – was in dieser Welt eindeutig verdächtig ist.;Du hast dem Kalender von Nechrubel einmal absichtlich eine Seite übersprungen, um das Ende zu beschleunigen.
;Zertifikat für etwas Nicht-Existentes;Ein Spielzeugfisch, der einem echten Fisch sehr ähnlich sieht.;Stiefel (passt nicht);Blasrohr W2 Schaden;Schnüre aus geflochtenen Fasern (-W2 Schaden, Stufe 1);;;Rotgut;Siegel der Schwelle;Katla;Vorurteilsbehaftet;Spröde und rissige Lippen.;Du bittest jeden, der dir begegnet, um eine letzte Beichte — für alle Fälle.;Dich verzehrt der Hass auf das Feuer. Du trägst drei Wasserhäute. Du weinst beim Anblick von Flammen.;;
;"Sehr kleines Buch, nur ein Wort darin: „Nein""";Ein Stock mit einem starken Magneten am Ende.;{W10} Pfeile;Schleuder W4 Schaden;Schuppenpanzer aus Knochen (-W4 Schaden, Stufe 1);;;Ruderboot-Cop;Stimme des Abgrunds;Von;Vulgär;Schmerzhafter Durchschnittsmensch.;Du redest mit dem Jenseits wie mit einem bürokratischen Amt. Du beschwerst dich regelmäßig über die Wartezeiten.;Du hörst seltsame und schöne Musik aus Gruben. Du bist gezwungen zu folgen.;;
;Pfeife ohne Tabak;Ein Tausendfüßler mit einem lächelnden menschlichen Gesicht.;Buch: Die Nachtkönigin;Oberschenkelknochen eines Riesen W8 Schaden;Schwarz gestrichene, kugelsichere Garnisonsrüstung (-W6 Schaden, Stufe 1);;;Scham;Stimme des Verurteilten;Keftar;Schlampig;Gesicht bedeckt mit Eiterbeulen.;Du glaubst, dass du schon einmal hier warst. Du erinnerst dich an falsche Details mit erschreckender Überzeugung.;Als du einen schrecklichen Geist gesehen hast, wurden alle deine Haare weiß.;;
;Münze eines abgeschafften Königreichs;Ein Teppich, der aus menschlichem Haar gestrickt ist.;ausgestopfte Elster;Angebundener Ziegelstein W4 Schaden;Schwere Schuppenrüstung (-W6 Schaden, Stufe 1);;;Scheinbarer Stuhl;Tierische Sprache ;Vrakh;Impulsiv;Kleinwüchsig.;Du bist der Meinung, dass dein Tod ein Verwaltungsfehler war — und verlangst eine Korrektur.;Als Kind hast du einen seltsamen Pilz gegessen, der auf einem anderen Pilz wuchs. Du warst nie wieder derselbe.;;
;Knäuel Wolle, verheddert;Faden ohne Nadel;Schlachtermesser (W4);Rostiger Ankerhaken W6 Schaden;SchwereWandteppich-Rüstung (-W4 Schaden, Stufe 1);;;Schlechter Ratschlag;Träne des Heiligen;Klort;Berechnend;Knochen, die bei jeder Bewegung knacken.;Du behandelst alle anderen Seelen als ob sie noch nicht wüssten, dass sie tot sind. Du schonst sie.;Als Kind hast du Geister gesehen und mit ihnen gesprochen. Sie sprechen nicht mehr mit dir.;;
;Zahn (nicht der eigene, zu groß);Nadel ohne Faden;{W20} Silber;Kirchenglocke W10 Schaden;Seltsame Kraft projizierende goldene Kugeln (-W8 Schaden, Stufe 1);;;Schnupfen;Umarmung des Grabes;Vresi;Pedantisch;Größer als die meisten.;Du nimmst das Jenseits persönlich. Was immer hier entschieden wird, es richtet sich gegen dich. Das ist sicher.;Als Kind wurdest du von Sklavenhändlern gefangen genommen und in den Kampfarenen großgezogen.;;
;kleiner, aber bösartiger Hund ({W6+2} LP, Biss W4, gehorcht nur dir);Sehr flacher Stein, schön zum Drüberstreicheln;Krug mit fermentiertem Fisch;Fleischerbeil W6 Schaden;Synthesehaut-Overall mit leuchtenden Intarsien (-W8 Schaden, Stufe 1);;;Schweigender Pilz;Unerfüllter Wunsch ;Kratar;Leichtgläubig;Gebrochene Nase, für immer krumm.;Alles was du sagst klingt nach einem Abschied.;Beim Fällen eines alten Baumes hast du die Leiche eines Zauberers gefunden.;;
;{W4+1} Affen, die dich ignorieren, aber lieben (4 LP, schlagen/beißen W4);Kleines Glas mit einem einzigen eingelegten Gurkenrest;Mausefalle (1 Schaden);Schaufel W6 Schaden;Tosei-Gusoku emaillierte Eisenplatten-Rüstung (-W8 Schaden, Stufe 1);;;Sortieren;Verdopplung des Elends;Wemut;Anspruchsvoll;Der Bauch erzählt Geschichten von zu vielen Bieren.;Du nickst bei allem so überzeugend, dass andere annehmen, du hast zugestimmt.;Deine Eltern haben dich Fünfzehn genannt. Sie haben sich nie die Mühe gemacht, dir einen richtigen Namen zu geben.;;
;exquisites Parfüm im Wert von 25s;Namensschildchen einer anderen Person;schwarze und weiße Gesichtsfarbe;Eisenstange W4 Schaden;Uralte Endura-Glassplitter-Schuppen (-W6 Schaden, Stufe 1);;;Spritzen;Wacht des Toten;Aelthar;Weinerlich;Völlig und vollkommen haarlos.;Du kannst keine Frage unbeantwortet lassen — auch wenn die ehrliche Antwort dich belastet.;Du lebst von einem Goldvorrat, den du gefunden hast. Jemand wird bestimmt danach suchen.;;
;Werkzeugkasten 10 Nägel, Zange, Hammer, kleine Säge und Bohrmaschine;Hälfte einer Schere;Leinensack mit Körperteilen;Kandare W4 Schaden;Vergoldete Turnierplatte (-W8 Schaden, Stufe 1);;;Steinschlag;Zunge des Wurms;Arvün;Undankbar;Gespaltene Zunge.;Du hörst zu wie ein Verhörbeamter. Stille, Augenkontakt, keine Reaktion. Es macht die meisten nervös.;Du trägst das Zeichen von Goonfun, dem Retter.;;
;schwere Kette 5 Meter;Rollbandmaß, nur 4cm lang;zerbrochener Spiegel;Abgebrochener Kelch W4 Schaden;Zahlreiche Bandoliere, gefüllt mit Messinghülsen (-W4 Schaden, Stufe 1);;;Stuhl schwächen;;Brakt;Egozentrisch;Augenlider mit Kohle bemalt, immer.;Du entschuldigst dich ständig — für Dinge, die du nicht getan hast. Noch nicht.;Du warst ein Handelsmatrose, bis du gefangen genommen und gezwungen wurdest, als Pirat zu arbeiten.;;
;Enterhaken;Fingerhut, viel zu groß;lange Eisenkette;Büßergeisel 2W4 Schaden;Nasse Leinwand-Tunika (+W1 Schaden, Stufe -1);;;Taumeln;;Brumn;Oberflächlich;Hässliche Narbe, wo früher die Lunge war.;Du erinnerst dich an die Schuld anderer mit perfekter Genauigkeit. An deine eigene kaum.;Ein ausländischer Würdenträger wurde vergiftet. Du warst der Koch.;;
;Schild (-1 LP Schaden oder den Schild brechen, um einen Angriff zu ignorieren);Leere Vogelpfeife;"Buch: ""Zauberer-Kampf""";Lauch W2 Schaden;Rostige Kettenreste (-W1 Schaden, Stufe 0);;;Tenser's Gloating Disc;;Dagrul;Furchtlos;Geboren mit sechs Fingern an jeder Hand.;Du glaubst aufrichtig, dass alle hier aus denselben Gründen sind wie du. Das stimmt nie.;Ein großer Musiker hat einmal dein Dorf besucht und dir ein Lied beigebracht, das alle Zuhörer begeistert.;;
;Brechstange (W4 Schaden);Kartenspiel, drei Karten fehlen;gebogenes Ritualmesser (W4);Toter Fisch W2 Schaden;Durchlöcherte Wachstuchjacke (-W1 Schaden, Stufe 0);;;Tinte;;Darvek;Intrigant;Kleine Augen, die jeden misstrauisch machen.;Wenn du etwas Falsches getan hast, redest du so lange darum herum, bis jemand anderes sich entschuldigt.;Ein Straßenräuber hat dich gezwungen, eine Münze zu werfen, um dein Leben oder das deines Bruders zu gewinnen. Die Münze landete auf der Seite und verschonte euch beide.;;
;Schmalz (kann notfalls als 5 Mahlzeiten verwendet werden);Karte eines Ortes der nicht existiert;Kettenhemd, Torso noch darin;Käsereibe W2 Schaden;Verrußtes Festgewand aus dünner Seide (+W2 Schaden, Stufe -1);;;Tpyo;;Drösk;Nörgelnd;Haare grob wie Borsten.;;Ein verrückter Angelunfall hat dich deine Hand gekostet. Aber dieser Haken funktioniert ziemlich gut.;;
;Zelt;Karte eines Ortes, völlig falsch gezeichnet;Hundehalsband mit Kette;Suppenkelle W2 Schaden;Zerfetztes Banner als Umhang (-W0 Schaden, Stufe 0);;;Traurige Geige;;Dvorn;Schicksalsergeben;Schlechter Rücken und schlechte Körperhaltung.;;Ein verrückter Kanuunfall hat dich dein Bein gekostet. Aber du hast dich an den Ruderstumpf gewöhnt.;;
;{PRÄ+4}x Fackel;Sehr langer Bindfaden, nutzlos verknüpft;Beutel mit Salz;Sehr schweres Buch W4 Schaden;Blecherne Topfdeckel-Brustplatte (-W1 Schaden, Stufe 0);;;Umrühren;;Elbrü;Sprunghaft;Du glaubst du entwickelst Kiemen und musst zu einem Wasserbewohner werden.;;Mit dem Blut deiner ersten Tötung noch an deinen Händen, wurde dir deine wahre Bestimmung klar.;;
;Laterne mit Öl für {PRÄ+6}h;Kleines Kissen, durchgeschwitzt;rußiger Silberring;Lebende Gans W2 Schaden;Enger Wollpullover mit Metallknöpfen (-W1 Schaden, Stufe 0);;;Verdammter Fleck;;Fargha;Kalt;Deine linke und rechte Hand sind vertauscht.;;Nachdem du deinen Ehering wegen einer Spielschuld verloren hattest, hat dich die Liebe deines Lebens verlassen.;;
;Magnesiumband;Huf eines unbekannten Tieres;Wimpel von einem gesunkenen Schiff;Nasser Lappen W1 Schaden;Vollgestopfter Strohumhang (brennt gut) (+W2 Schaden, Stufe -1);;;Verschone die Lebenden;;Fetmal;Abergläubisch;Ein dunkler Nebel umgibt deinen Kopf.;;Vor langer Zeit hast du eine Rieseneule aus einer Schlingenfalle gerettet. Sie kommt immer noch gelegentlich zurück, um dir zu helfen.;;
;Feuerstahl und Zunder;Parfümflakon, riecht nach nichts;gehäutete menschliche Haut;Kerzenständer W4 Schaden;Lederweste mit dekorativen, aber hohlen Nieten (-W1 Schaden, Stufe 0);;;Verunreinigen;;Florn;Schnippisch;Eine dicke, stinkende Flüssigkeit tritt aus deinem Mund aus, sobald du sprichst.;;Du kannst Lügen schmecken. Seit du das weißt, kannst du fast niemanden mehr ansehen.;;
;Phosphorröhrchen (einmalig, sehr helles Licht für W4 Runden);Münze mit zwei identischen Seiten;Decke (mit Flöhen);Harke W4 Schaden;Schuppen aus getrocknetem Brot (+W2 Schaden, Stufe -1);;;Zeitkontrolle;;Garvek;Öde;Dir wächst ein zusätzliches Bein.;;Du hast einmal in einem Traum einen Ort gesehen, den es eigentlich nicht gibt. Seitdem versuchst du, ihn zu finden. Du bist dir nicht mehr sicher, ob das eine gute Idee ist.;;
;Metallfeile und Dietriche;Kleines Säckchen Sand;verkohlte Metallhalskette;Gefrorener Schinken W6 Schaden;Dünne Glas-Überrobe mit Rissen (+W2 Schaden, Stufe -1);;;Ziegenkäse;;Glötna;Unruhig;Fünf Zoll lange Fingernägel. Sie wachsen einfach weiter.;;"Du wurdest von einem blinden Orakel in Grift berührt. Es sagte: „Du wirst die letzte Person sein, die stirbt."" Seitdem bist du dir nicht sicher, ob das gut oder schrecklich ist.";;
;Brechstange;Kleines Säckchen noch feinerer Sand;zerbrochene Leder-Rüstung;Bettstatt-Bein W4 Schaden;Kettenhemd aus Draht und Büroklammern (-W1 Schaden, Stufe 0);;;Zupfen;;Gremul;Goldfieberisch;Schleimige Schuppen wachsen über deine Haut.;;Du kannst keine Musik mehr hören, ohne zu weinen. Du weißt nicht warum. Es passiert auch bei Vogelgesang. Und bei Windgeräuschen. Und beim Knarren von Holz.;;
;Hammer und {W6+4}x Eisennägel;Getrockneter Frosch, flach;{W4}x Goldzahn im Wert von je 10s;Kleines Kind W2 Schaden;Rüstung aus geschnürten Tierblasen (+W1 Schaden, Stufe -1);;;Zwicken;;Grutva;Ein Tyrann;;;Du vertraust Tieren mehr als Menschen. Das hat bisher meistens gut funktioniert. Meistens.;;
;Enterhaken mit 10m Seil;Knopf mit eingesticktem beleidigenden Kommentar;Schere (W4);Sack voller Mäuse W2 Schaden;Messingdraht-Korsett (-W1 Schaden, Stufe 0);;;;;Halvorn;Beleidigend;;;Jeder, dem du sagst, dass du aus deiner Heimatstadt kommst, schaut dich seltsam an. Du hast inzwischen herausgefunden: Die Stadt existiert nicht mehr. Schon seit zwanzig Jahren nicht.;;
;Seil 10m;Sehr detailliertes Bild eines Kohlkopfes;Spitzhacke (W4);Weinschlauch W2 Schaden;Patchwork-Rüstung aus gesammelten Schilden (-W2 Schaden, Stufe 0);;;;;Hentrul;Barbarisch;;;Eine Inquisitorin der Basilisken hat dich dreimal verhört und dreimal freigelassen. Beim vierten Mal wird sie das nicht mehr tun.;;
;Schwere Kette 5m;Kleines Holzpferd, ein Bein fehlt;Halsband mit Pentagramm-Amulett;Riesiger Rettich W2 Schaden;Leuchtender Stoffoverall, zieht Angriffe an (+W1 Schaden, Stufe -1);;;;;Hlort;Klagend;;;Du schuldest der Einäugigen Diebesgildenchefin von Galgenbeck einen Gefallen. Sie hat noch nicht gesagt, welchen. Das ist das Schlimmste daran.;;
;Schaufel;Zahnbürste ohne Borsten;blutiger Bohrer;Käfig mit wütender Katze W4 Schaden;Mit Stroh ausgepolsterte Gardinen-Robe (-W1 Schaden, Stufe 0);;;;;Hruveg;Kritisch;;;Die Ritter der Blutgräfin suchen dich – nicht wegen eines Verbrechens, sondern weil Anthelia träumt, dass du ihr etwas Wichtiges nehmen wirst.;;
;Zange;Trichter ohne Öffnung am Ende;Buch der Psalmen;Spazierstock W2 Schaden;Gefrorener Schlammbrustpanzer (schmilzt schnell) (-W0 Schaden, Stufe 0);;;;;Jalvik;Zerstörerisch;;;Ein Nekromant hat dich verflucht, stellvertretend für jemand anderen. Er hat die falsche Person erwischt. Er weiß es. Er sucht dich, um es zu korrigieren. Auf seine Art.;;
;Kleiner Spiegel (um Ecken zu schauen);Leere Tabakdose mit fremden Initialen;Maske mit Vogelschnabel;Frisch gebackenes Brot W1 Schaden;Rüstung aus Dutzenden Löffeln und Gabeln (+W1 Schaden, Stufe -1);;;;;Jertha;Oberflächlich;;;Du hast einen Brief abgefangen, der nie für dich bestimmt war. Der Absender weiß, dass du ihn hast. Der Empfänger auch.;;
;Kreide {W6+4}x (Markierungen, Zeichen);Kerze, bereits heruntergebrannt und nie aufgehört;Holzkohlezeichnung eines Dämons;Tamburin W2 Schaden;Goldene Zeremonienrüstung aus dünnem Blech (-W1 Schaden, Stufe 0);;;;;Kalthu;Unreif;;;Eine Sekte glaubt, dass du ihre Prophezeite bist. Du bist es nicht. Das macht es nicht besser.;;
;Kletterausrüstung (Haken, Riemen);"Zettel: „Nicht vergessen"" – nichts weiter";ein halber toter Hund;Unsichtbare Waffe W2 Schaden;;;;;;Kelbrün;Wankelmütig;;;Du sammelst Zähne. Du weißt nicht warum. Du hörst nicht auf.;;
;Hausapotheke {PRÄ+4}x (stoppt Blutungen/Infektionen, heilt W6 LP);Steinerner Würfel, alle Seiten zeigen eine 3;ziemlich ausgefallene Augenklappe;;;;;;;Klarveg;Zynisch;;;Ein kleines, schweigendes Kind folgt dir seit drei Wochen. Du kannst es nicht loswerden. Niemand sonst scheint es zu sehen.;;
;Verbandsmaterial {W4+2}x (stoppt Blutungen);Fingerring, zu groß für jeden menschlichen Finger;Hammer und ein paar Nägel;;;;;;;Knutha;Nachsichtig;;;Du hast einmal in Sarkash eine Frucht gegessen, die es nicht geben sollte. Seitdem können Tiere deine Stimmung riechen. Sie meiden dich bei schlechter Laune.;;
;Gegengift {W2}x (Zähigkeit Sg10 entfällt);Ein Schädel mit einer frischen Rose darin. Die Rose welkt nie. Der Schädel riecht trotzdem.;Kugel und Kette (und ein Fuß);;;;;;;Kvelm;Opportunistisch;;;Du hast einem sterbenden Wahrsager seine letzten Worte versprochen weiterzugeben. Du weißt nicht, an wen. Du weißt nicht, was sie bedeuten. Du kannst sie nicht vergessen.;;
;Wasserschlauch für {PRÄ+4} Tage;Ein Tagebuch ohne Einträge, aber jede Seite ist von Tränen gewellt.;scharfes Feuereisen (W4+1);;;;;;;Largun;Schwerfällig;;;"Ein Händler in Grift hat dir eine Kiste verkauft, ""für den richtigen Moment."" Sie ist verschlossen. Etwas darin atmet.";;
;Getrocknete Rationen für {PRÄ+4} Tage;Ein kleines Wachsfigürchen, das dir sehr ähnlich sieht. Du hast es nie besessen.;ein Paar warme Socken (durchnässt);;;;;;;Leskri;Spießig;;;Du hast als Kind in Graven-Tosk gespielt und dabei aus Versehen ein Grab geöffnet. Etwas darin hat dein Gesicht gesehen. Es sucht dich.;;
;Salz (konserviert, desinfiziert, hält manche Dinge fern);"Ein Zahn in einem Medaillonanhänger. Auf der Innenseite steht: „Damit du mich nicht vergisst.""";Kiste mit schwarzen Federn;;;;;;;Lortva;Machthungrig;;;Du hast in Galgenbeck eine Predigt gehalten, die alle Zuhörer zum Weinen brachte. Du weißt nicht mehr, was du gesagt hast. Alle, die es gehört haben, suchen dich.;;
;Bärenfalle (Präsenz Sg14 zum Entdecken, W8 Schaden);"Ein Buch über Giftpilze. Jemand hat die gefährlichsten mit „lecker"" kommentiert.";beschädigtes Wolfsfell;;;;;;;Malturn;Übertrieben phantasievoll;;;Du warst Henker in Kergs, bis du begannst, die Hingerichteten im Traum zu sehen. Sie geben dir Ratschläge. Meistens schlechte.;;
;Bombe (versiegelte Flasche, W10 Schaden);"Ein eingemachtes Glas mit einem menschlichen Ohr. Frisch beschriftet: „Fundstück, Kergs.""";verdorbenes Fleisch (2 Tage lang);;;;;;;Marveg;Scheinheilig;;;Du hast für König Fathmu XI. eine Karte zu einem verbotenen Ort gestohlen. Die Karte hat sich inzwischen selbst verändert. Sie zeigt jetzt deinen Standort.;;
;{W4}x rotes Gift (Zähigkeit Sg12 oder W10 Schaden);Eine Kerze aus Menschenfett. Brennt sehr gleichmäßig. Riecht verdächtig heimelig.;kleines Kästchen mit einer weißen Murmel;;;;;;;Methrul;Angespannt;;;Du warst Mitglied einer Theatergruppe, bis alle anderen Mitglieder spurlos verschwanden. Die Kostüme blieben zurück. Sie bewegen sich nachts.;;
;{W4}x schwarzes Gift (Zähigkeit Sg14 oder W6 Schaden + Blindheit 1h);Ein Würfelbecher aus einem ausgehöhlten Fingerknochen. Sehr ergonomisch.;Krug mit einer Nadel darin;;;;;;;Mürga;Trendig;;;Du hast einen Priester der Basilisken beim Stehlen erwischt. Er weiß, dass du weißt. Du weißt, dass er dich sucht.;;
;{W3}x Rauchbombe (Sichtweite 0 für W4 Runden);Ein Brief, adressiert an dich, datiert auf nächsten Monat. Der Inhalt ist eine Entschuldigung.;hölzernes Gebiss;;;;;;;Narvek;Eifrig;;;Als Wachmann hast du aus Mitleid einen Gefangenen freigelassen. Der Gefangene hat dann etwas Schreckliches getan. Du wirst damit in Verbindung gebracht.;;
;Blasrohr mit {W6+4}x Giftpfeilen (Zähigkeit Sg10 oder W4 Schaden);Ein Tintenfass, das sich selbst nachfüllt. Die Tinte ist immer etwas zu warm.;Glücksbringer (na ja...);;;;;;;Nlthor;Zornig;;;Du hast für ein Jahr in den Minen unter Bergen Chrypt gearbeitet. Was du dort gesehen hast, darf niemand wissen. Du redest nicht darüber. Außer im Schlaf.;;
;Streumetall (auf Boden: Geschick Sg12 oder W4 Schaden, verlangsamt);Ein aufgezogenes Spielzeugherz. Tickt. Hört auf, wenn jemand in der Nähe stirbt.;W6 leere Schriftrollen;;;;;;;Nögrith;Ängstlich;;;Jedes Mal, wenn du lügst, wächst ein weiterer Finger an deiner linken Hand. Du trägst inzwischen einen sehr großen Handschuh.;;
;Silbernes Kruzifix;Ein Spiegel, der nur lächelt, egal was du machst.;Laterne;;;;;;;Peltrum;Egoistisch;;;Du hast das Fleisch eines Zauberers gegessen, um zu überleben. Seitdem sprechen seine Gedanken in dir. Sie sind nicht freundlich.;;
;Hölzernes Kruzifix;Ein Buch mit leeren Seiten außer der letzten: eine detaillierte Beschreibung deines Todes.;ein Paar hölzerne Handschellen;;;;;;;Quarva;Steif;;;Deine Schatten bewegt sich nicht mehr synchron zu dir. Manchmal macht sie Dinge, die du gar nicht tust.;;
;Schutzsymbol gegen Untote (einmalig verwendbar);Eine Sanduhr, die nach oben läuft.;Gefäß mit 3 abgetrennten Daumen;;;;;;;Raktul;Rückgratlos;;;Ein Chirurg in Schleswig hat versehentlich eine zweite Zunge in deinem Hals zurückgelassen. Sie spricht manchmal im Schlaf. In einer Sprache, die du nicht kennst.;;
;Weihwasser {W2}x (W6 Schaden gegen Untote);Ein kleines Glasfläschchen mit einem Seufzer darin. Wenn geöffnet: traurig, aber erleichtert.;Verknotetes Knäuel aus Menschenhaar;;;;;;;Relvek;Zänkisch;;;Du stirbst jede Nacht kurz. Du wachst jeden Morgen auf. Seit einem Jahr fragst du dich, wann es aufhört.;;
;spitze Nadel;Eine Münze, die immer auf die gleiche Seite fällt, egal wie oft man wirft.;Daumenschraube;;;;;;;Rötma;Leichtgläubig;;;Dein linkes Auge sieht die Welt, wie sie in zehn Jahren aussehen wird. Das rechte sieht sie jetzt. Die Diskrepanz macht dich krank.;;
;Schreibzeug (Tinte, Feder, Pergament);Ein Knäuel schwarzer Wolle. Das Ende ist nirgends zu finden. Es wird nicht weniger.;sehr kleines Hufeisen;;;;;;;Salbrun;Streitsüchtig;;;Du hast eine Wette mit einem Dämon verloren. Er hat dein Spiegelbild behalten. Du hast keines mehr.;;
;Fernrohr (einfach, scratchy);Ein Notizbuch voller Zeichnungen von Türen. Keine davon existiert.;Schaufel (W4);;;;;;;Skortva;Offensichtlich;;;Eine Hexe hat dir dein Gewicht gestohlen. Du wiegst nichts. Starker Wind ist eine ernste Gefahr.;;
;Kleiner Wetzstein;"Eine Haarsträhne in einem versiegelten Umschlag, beschriftet: „Nicht verbrennen.""";Halskette aus Rattenzähnen;;;;;;;Skülm;;;;Du erbrichst jeden Vollmond kleine schwarze Steine. Sie sind warm. Sie hören auf zu zittern, wenn du sie weglässt.;;
;Flickzeug für Rüstung (1x Rüstung um 1 Stufe reparieren);Ein kleiner Holzkasten mit einem zufriedenen Summen darin. Geht nicht auf.;eine halbe Schatzkarte;;;;;;;Slarvek;;;;Deine Tränen sind Tinte. Du hast gelernt, damit zu schreiben. Die Texte sagen manchmal Dinge voraus.;;
;Verschlossenes Tagebuch (leer, aber gut gebunden);Eine Puppe ohne Gesicht. Jeden Morgen sitzt sie anders.;Flasche mit rotem Gift;;;;;;;Snötha;;;;;;
;;Ein Buch mit Rezepten für Speisen, die alle mindestens einen menschlichen Zahn als Zutat erfordern.;kleines Holzpferd;;;;;;;Talgrum;;;;;;
;;Ein Schlüsselbund mit 40 Schlüsseln. Einer davon öffnet etwas. Unbekannt was.;schwere Eisenzange;;;;;;;Tarkvül;;;;;;
;;Ein sehr kleines Aquarium. Das Wasser ist schwarz. Es bewegt sich trotzdem etwas darin.;schwarzer Sack mit einem Katzenherz;;;;;;;Telthar;;;;;;
;;Eine Schachtel voller Zähne, säuberlich nach Größe sortiert. Sehr ordentlich geführt.;großer Klumpen Kohle;;;;;;;Trevga;;;;;;
;;Ein Kompass, der immer auf eine bestimmte Person in der Gruppe zeigt.;zwei abgetrennte Hände;;;;;;;Ulvarg;;;;;;
;;Ein Kinderschuh. Nur einer. Innen steht ein Name, den du nicht aussprechen kannst.;kindergroße eiserne Jungfrau;;;;;;;Ürtmal;;;;;;
;;"Eine Flasche Wein, speziell abgefüllt für „den letzten Abend.""";;;;;;;;Velnug;;;;;;
;;Ein Notizbuch ausschließlich mit Strichlisten. In die Millionen gehend.;;;;;;;;Vörthan;;;;;;
;;Ein kleiner Käfig mit einer Feder darin. Die Feder bewegt sich, als wäre noch etwas da.;;;;;;;;Walgru;;;;;;
;;Ein Tontopf. Darin befindet sich ein großer roter Rubin aus Glas.;;;;;;;;Zaltrum;;;;;;
;;Ein toter Vogel an einer Schnur, die an das Ende eines Stocks gebunden ist. Sehr ablenkend.;;;;;;;;Gkrtvs;;;;;;
;;Ein totes Kaninchen mit einer Glückskaninchenpfote um den Hals.;;;;;;;;Blrntch;;;;;;
;;Ein totes, verwildertes Frettchen mit vier gebrochenen Füßen.;;;;;;;;Vzkhrl;;;;;;
;;Ein verfluchter Rubin. Jeder, der ihn besitzt, ist mörderisch besessen von ihm.;;;;;;;;Ksthvr;;;;;;
;;Ein verrotteter Kuchen mit einer Metallklinge in der Mitte.;;;;;;;;Drfntg;;;;;;
;;Ein warmer Metallstab. Seltsamerweise bleibt er warm. Außerdem wird einem heftig übel, wenn man ihn zu lange festhält.;;;;;;;;Wstrpkl;;;;;;
;;Ein wirklich schöner Türstopper. Das Ding sieht aus, als könnte es eine Tür ziemlich gut offen halten.;;;;;;;;Chtlvgr;;;;;;
;;Ein Wurf verwilderter Kätzchen, die in der Brusthöhle eines ausgetrockneten Leichnams leben. Eines bösartiger als das andere.;;;;;;;;Hkrvntz;;;;;;
;;Eine alte, vertrocknete Leiche, die mit Bolzen und Pfeilen übersät ist. Sieht aus, als sei sie für Schießübungen benutzt worden.;;;;;;;;Pzktrml;;;;;;
;;Eine eiserne Maske mit einem grimmigen Totenkopfgesicht. Wenn sie getragen wird, kann sie nicht durch nichtmagische Mittel entfernt werden.;;;;;;;;Nskrvth;;;;;;
;;Eine Flasche mit sehr starkem Leim, hergestellt aus Pech und menschlichem Knochenstaub.;;;;;;;;Grktfnl;;;;;;
;;Eine Glasharmonika, die mit einer zuckerhaltigen dunklen Flüssigkeit gefüllt ist.;;;;;;;;Vsknrpl;;;;;;
;;Eine Henkersuniform mit einer furchterregenden Kapuze.;;;;;;;;Brhntsk;;;;;;
;;Eine hölzerne Puzzleschachtel. Wenn das Rätsel gelöst ist, gleitet ein schwarzer Finger heraus. Auf wen er zeigt, der beginnt zu ersticken.;;;;;;;;Ztlvfgr;;;;;;
;;Eine Keramikpuppe, die mit extrem brennbarem Öl gefüllt ist.;;;;;;;;Mkrthnsk;;;;;;
;;Eine kleine Kiste mit wichtigen medizinischen Hilfsmitteln. Starke Schienen, Verbände und Alkohol.;;;;;;;;Xvrkbltz;;;;;;
;;Eine kleine Topfpflanze. Vielleicht fleischfressend? Sie versucht, an deinen Fingern zu knabbern.;;;;;;;;Dtshkrvn;;;;;;
;;Eine künstliche Nase. Quietscht, wenn man sie zusammendrückt.;;;;;;;;Glpftchr;;;;;;
;;Eine Laterne mit fleischfarbenen Schirmen. Wirft ein unheimliches rotes Licht.;;;;;;;;Nzkvrtsch;;;;;;
;;Eine magische, selbstspielende Geige. Du hast schon bessere gehört.;;;;;;;;Rhlkvntm;;;;;;
;;Eine riesige, alte, verrostete Axt, in deren Stiel ein Name eingeritzt ist: „Thorn“.;;;;;;;;Arveluthandroskva;;;;;;
;;Eine rosa Flasche in Form einer Wolke. Der Schleim darin macht das Wasser sehr sprudelnd.;;;;;;;;Belkormundraveth;;;;;;
;;Eine Schachtel mit Ohrringen. Den Ohrringen nach zu urteilen, wurden sie wahrscheinlich abgerissen.;;;;;;;;Grittnalverhuskodan;;;;;;
;;Eine schöne Kieferholzkiste mit nagelneuen Fackeln.;;;;;;;;Tharuveldmostikan;;;;;;
;;Eine schwere schwarze Lederschürze. Verschiedene nützliche Werkzeuge in den Taschen.;;;;;;;;Kvelanthorbarusch;;;;;;
;;Eine sehr scharfe und robuste Säge.;;;;;;;;Ulfvarendragathmul;;;;;;
;;Eine winzige Pfeife mit hohem Ton. Lenkt Hunde ab, aber Menschen können sie nicht hören.;;;;;;;;Skelmorvathandriel;;;;;;
;;Fünfzig Fuß aufgerolltes, stahlverstärktes Seil. Viel schwerer und viel stärker als ein normales Seil.;;;;;;;;Darvunkelthosgrima;;;;;;
;;;;;;;;;;Vethkulandaromskel;;;;;;
;;;;;;;;;;Nortgavelthimbruvask;;;;;;
;;;;;;;;;;Hargulvendrathoskim;;;;;;
;;;;;;;;;;Albrimthorveldkanus;;;;;;
;;;;;;;;;;Quelvanthorskimdara;;;;;;
;;;;;;;;;;Jotnarvelgundramoth;;;;;;
;;;;;;;;;;Mürkelvandrathoskum;;;;;;
;;;;;;;;;;Falthundraveskimonar;;;;;;
;;;;;;;;;;Bröntharvelguskidam;;;;;;
;;;;;;;;;;Walgrimthovundreskal;;;;;;
;;;;;;;;;;Snörvandelthorbuskim;;;;;;
;;;;;;;;;;Prügelvandrathoskimun;;;;;;
;;;;;;;;;;Vael’drun’thask;;;;;;
;;;;;;;;;;Krul’veth’arn;;;;;;
;;;;;;;;;;Jor’khal’trüm;;;;;;
;;;;;;;;;;Brag’noth’vel;;;;;;
;;;;;;;;;;Thar’gul’venn;;;;;;
;;;;;;;;;;Skel’var’thun;;;;;;
;;;;;;;;;;Mur’dak’hel;;;;;;
;;;;;;;;;;Vrol’thag’rim;;;;;;
;;;;;;;;;;Kel’dras’vorn;;;;;;
;;;;;;;;;;Hruk’vel’dar;;;;;;
;;;;;;;;;;Zorn’gul’thesk;;;;;;
;;;;;;;;;;Narg’thrul’vask;;;;;;
;;;;;;;;;;Vel’drim’kor;;;;;;
;;;;;;;;;;Ulv’nash’gra;;;;;;
;;;;;;;;;;Krel’voth’nar;;;;;;
;;;;;;;;;;Drak’mur’thal;;;;;;
;;;;;;;;;;Gor’vel’kurn;;;;;;
;;;;;;;;;;Tal’grun’veth;;;;;;
;;;;;;;;;;Jar’thul’mek;;;;;;
;;;;;;;;;;Snar’vok’tren;;;;;;
;;;;;;;;;;Brün’thag’vul;;;;;;
;;;;;;;;;;Var’kesh’drun;;;;;;
;;;;;;;;;;Mör’vak’thul;;;;;;
;;;;;;;;;;Kran’der’vask;;;;;;
;;;;;;;;;;Thrul’gorn’esh;;;;;;
;;;;;;;;;;Hesk’var’ton;;;;;;
;;;;;;;;;;Yl’grath’ven;;;;;;
;;;;;;;;;;Quor’vak’til;;;;;;
;;;;;;;;;;Zhar’mlok’ven;;;;;;
;;;;;;;;;;Brel’thun’gar;;;;;;
;;;;;;;;;;Brüünthel;;;;;;
;;;;;;;;;;Gröömskäl;;;;;;
;;;;;;;;;;Hüürgvlön;;;;;;
;;;;;;;;;;Vöörthüm;;;;;;
;;;;;;;;;;Näälgrüb;;;;;;
;;;;;;;;;;Krööntvääl;;;;;;
;;;;;;;;;;Flüüghnör;;;;;;
;;;;;;;;;;Skäärvülm;;;;;;
;;;;;;;;;;Prööglün;;;;;;
;;;;;;;;;;Träävsköll;;;;;;
;;;;;;;;;;Grümthäl;;;;;;
;;;;;;;;;;Blöödnür;;;;;;
;;;;;;;;;;Määrghül;;;;;;
;;;;;;;;;;Kläörvünn;;;;;;
;;;;;;;;;;Drüüsnäk;;;;;;
;;;;;;;;;;Vlööthrän;;;;;;
;;;;;;;;;;Snäävrökk;;;;;;
;;;;;;;;;;Bräähntvür;;;;;;
;;;;;;;;;;Krüülthön;;;;;;
;;;;;;;;;;Würmträäl;;;;;;
;;;;;;;;;;Näögdrüü;;;;;;
;;;;;;;;;;Plöötschkää;;;;;;
;;;;;;;;;;Häärrgvöl;;;;;;
;;;;;;;;;;Strüübnäth;;;;;;
;;;;;;;;;;Klööfdrämm;;;;;;
;;;;;;;;;;Gräävkrüll;;;;;;
;;;;;;;;;;Vüülnörg;;;;;;
;;;;;;;;;;Zöölthrään;;;;;;
;;;;;;;;;;Brüüsglön;;;;;;
;;;;;;;;;;Dräämflökk;;;;;;
